title,link
列1
Going West,https://www.wikiart.org/zh/jie-ke-xun-bo-luo-ke/going-west-1935-1
捧著果籃的男孩,https://www.wikiart.org/zh/qia-la-wa-qiao/peng-zhu-guo-lan-de-nan-hai-1593
Movement in Squares,https://www.wikiart.org/zh/bridget-riley/movement-in-squares-1961
Philosopher in Meditation,https://www.wikiart.org/zh/lun-bo-lang/philosopher-in-meditation-1632
Still Life with Skull,https://www.wikiart.org/zh/bao-luo-sai-shang/still-life-with-skull-1898
大碗岛的星期天下午,https://www.wikiart.org/zh/qiao-zhi-xiu-la/da-wan-dao-de-xing-qi-tian-xia-wu-1886
The Red Dragon and the Woman Clothed with the Sun,https://www.wikiart.org/zh/wei-lian-bu-lai-ke/the-red-dragon-and-the-woman-clothed-with-the-sun-1805
First Communion,https://www.wikiart.org/zh/ba-bo-luo-bi-qia-suo/first-communion-1896
音樂家肖像,https://www.wikiart.org/zh/lie-ao-na-duo-da-fen-qi/yin-le-jia-xiao-xiang-1485
May That Nuclear War Be Cursed!,https://www.wikiart.org/zh/maria-primachenko/may-that-nuclear-war-be-cursed-1978
猶迪割下赫羅弗尼斯的頭顱,https://www.wikiart.org/zh/a-er-tai-mi-xi-ya-zhen-di-lai-si-ji/you-di-ge-xia-he-luo-fu-ni-si-de-tou-lu-1620
三王朝拜,https://www.wikiart.org/zh/sang-de-luo-bo-ti-qie-li/san-bo-shi-lai-zhao-1476
维纳斯的诞生,https://www.wikiart.org/zh/wei-lian-a-dao-fu-bu-ge-luo/wei-na-si-de-dan-sheng-1879
Water Lilies,https://www.wikiart.org/zh/ke-lao-de-mo-nai/water-lilies-40
Self-Portrait with Masks,https://www.wikiart.org/zh/zhan-mu-si-en-suo-er/self-portrait-with-masks-1899
Camille Monet and Her Son Jean in the Garden at Argenteuil,https://www.wikiart.org/zh/pi-ye-ao-gu-si-te-lei-nuo-wa/camille-monet-and-her-son-jean-in-the-garden-at-argenteuil-1874
Women forming a skull,https://www.wikiart.org/zh/sa-er-wa-duo-da-li/women-forming-a-skull
The Return of the Prodigal Son,https://www.wikiart.org/zh/lun-bo-lang/the-return-of-the-prodigal-son-1669
Dynamism of a Dog on a Leash,https://www.wikiart.org/zh/giacomo-balla/dynamism-of-a-dog-on-a-leash-1912
The Angel of the home or the Triumph of Surrealism,https://www.wikiart.org/zh/ma-ke-si-en-si-te/the-angel-of-the-home-or-the-triumph-of-surrealism-1937
第九波濤,https://www.wikiart.org/zh/yi-fan-kang-si-tan-ding-nuo-wei-qi-ai-wa-zuo-fu-si-ji/di-jiu-bo-tao-1850
Job,https://www.wikiart.org/zh/a-er-feng-si-mu-xia/job-1896
Work Nr. 217 ELP II (Brain Salad Surgery),https://www.wikiart.org/zh/h-r-ji-ge-er/work-nr-217-elp-ii-brain-salad-surgery-1973
Allegory of Time Governed by Prudence,https://www.wikiart.org/zh/ti-qi-an-nuo-wei-jia-lue/allegory-of-time-governed-by-prudence
忧郁 I,https://www.wikiart.org/zh/a-er-bu-lei-xi-te-diu-le/you-yu-i-1514
Ternura,https://www.wikiart.org/zh/oswaldo-guayasamin/ternura-1989
Bottle and Fishes,https://www.wikiart.org/zh/qiao-zhi-bu-la-ke/bottle-and-fishes-1910
Tiger in a Tropical Storm (Surprised!),https://www.wikiart.org/zh/heng-li-lu-suo/tiger-in-a-tropical-storm-surprised-1891
What the Water Gave Me,https://www.wikiart.org/zh/fu-lie-da-qia-luo/what-the-water-gave-me-1938
我们从何处来？我们是谁？我们向何处去？,https://www.wikiart.org/zh/bao-luo-gao-geng/wo-men-cong-he-chu-lai-wo-men-shi-shui-wo-men-xiang-he-chu-qu-1897
Sixteenth of September,https://www.wikiart.org/zh/lei-nei-ma-ge-li-te/sixteenth-of-september-1956
新奧爾良棉花交易所,https://www.wikiart.org/zh/ai-de-jia-de-jia/xin-ao-er-liang-mian-hua-jiao-yi-suo-1873
一杯酒,https://www.wikiart.org/zh/yang-fu-mei-er/bei-jiu-1660
Number 1 (Lavender Mist),https://www.wikiart.org/zh/jie-ke-xun-bo-luo-ke/number-1-lavender-mist-1950-1
The Tilled Field,https://www.wikiart.org/zh/hu-an-mi-luo/the-tilled-field-1924
自画像,https://www.wikiart.org/zh/a-er-bu-lei-xi-te-diu-le/zi-hua-xiang-1500
Le Pont de L'Europe,https://www.wikiart.org/zh/gu-si-ta-fu-qia-ye-bo-te/le-pont-de-l-europe
Woman Leaving the Psychoanalyst,https://www.wikiart.org/zh/remedios-varo/saljendodel-woman-psychoanalyst
絕望,https://www.wikiart.org/zh/ai-de-hua-meng-ke/jue-wang-1892
The Birth of Day,https://www.wikiart.org/zh/hu-an-mi-luo/the-birth-of-day
Attempting the Impossible,https://www.wikiart.org/zh/lei-nei-ma-ge-li-te/attempting-the-impossible-1928
Mother Mary with the Holy Child Jesus Christ,https://www.wikiart.org/zh/a-dao-fu-xi-te-le/mother-mary-with-the-holy-child-jesus-christ
The wrestle of Jacob,https://www.wikiart.org/zh/gu-si-ta-fu-duo-lei/the-wrestle-of-jacob-1855
Ad Parnassum,https://www.wikiart.org/zh/bao-luo-ke-li/to-the-parnassus-1932
Southern (Tunisian) gardens,https://www.wikiart.org/zh/bao-luo-ke-li/southern-tunisian-gardens-1919
焦慮,https://www.wikiart.org/zh/ai-de-hua-meng-ke/jiao-lu-1894
噴泉,https://www.wikiart.org/zh/ma-sai-er-du-xiang/pen-quan-1917
Composition VIII,https://www.wikiart.org/zh/wa-xi-li-kang-ding-si-ji/composition-viii-1923
Philosopher's lamp,https://www.wikiart.org/zh/lei-nei-ma-ge-li-te/philosopher-s-lamp-1936
Woman in Black Stockings,https://www.wikiart.org/zh/ai-gong-xi-le/woman-in-black-stockings-1913
教皇英诺森十世像,https://www.wikiart.org/zh/wei-la-si-kai-zi/jiao-huang-ying-nuo-sen-shi-shi-xiang-1650
Portrait of woman in d`hermine pass (Olga),https://www.wikiart.org/zh/ba-bo-luo-bi-qia-suo/untitled-1937-8
The river Seine at La Grande-Jatte,https://www.wikiart.org/zh/qiao-zhi-xiu-la/the-river-seine-at-la-grande-jatte-1888
上十字架,https://www.wikiart.org/zh/bi-de-bao-luo-lu-ben-si/shang-shi-zi-jia-1610
The Women of Algiers in their Apartment,https://www.wikiart.org/zh/ou-ren-de-la-ke-luo-wa/the-women-of-algiers-in-their-apartment-1834-1
Zodiac,https://www.wikiart.org/zh/a-er-feng-si-mu-xia/zodiac-1896
The Archangel Michael defeating Satan,https://www.wikiart.org/zh/gui-duo-lei-ni/the-archangel-michael-defeating-satan-1635
章魚與海女,https://www.wikiart.org/zh/ge-shi-bei-zhai/zhang-yu-yu-hai-nu-1814
杜伊勒里花园音乐会,https://www.wikiart.org/zh/ai-de-hua-ma-nai/du-yi-le-li-hua-yuan-yin-le-hui-1862
My Birth,https://www.wikiart.org/zh/fu-lie-da-qia-luo/my-birth-1932
夜遊者,https://www.wikiart.org/zh/ai-de-hua-huo-pu/ye-you-zhe-1942
The Parquet Planers (The Floor Scrapers),https://www.wikiart.org/zh/gu-si-ta-fu-qia-ye-bo-te/the-parquet-planers-1875
Eyes on the table,https://www.wikiart.org/zh/remedios-varo/eyes-on-the-table-1938
The Last Judgement,https://www.wikiart.org/zh/mi-kai-lang-ji-luo/the-last-judgement-1541
The false mirror,https://www.wikiart.org/zh/lei-nei-ma-ge-li-te/the-false-mirror-1928
聖三位一體,https://www.wikiart.org/zh/ma-sa-qiao/sheng-san-wei-ti-1428
The Skat Players,https://www.wikiart.org/zh/ao-tuo-di-ke-si/the-skat-players-1920
Vertumnus (Emperor Rudolph II),https://www.wikiart.org/zh/zhu-sai-pei-a-er-qin-bo-tuo/vertumnus-emperor-rudolph-ii
奥南的葬礼,https://www.wikiart.org/zh/ju-si-ta-fu-ku-er-bei/ao-nan-de-zang-li-1850
兒童遊戲,https://www.wikiart.org/zh/lao-bi-de-bo-lu-gai-er/er-tong-you-xi-1560
Work Nr. 217 ELP I (Brain Salad Surgery),https://www.wikiart.org/zh/h-r-ji-ge-er/work-nr-217-elp-i-brain-salad-surgery-1973
倒牛奶的女僕,https://www.wikiart.org/zh/yang-fu-mei-er/dao-niu-nai-de-nu-pu-1660
凱風快晴,https://www.wikiart.org/zh/ge-shi-bei-zhai/kai-feng-kuai-qing-1831
Van Gogh's Chair,https://www.wikiart.org/zh/wen-sen-te-fan-gao/van-gogh-s-chair-1889
克尼多斯的阿芙蘿黛蒂,https://www.wikiart.org/zh/gu-xi-la-hui-hua-yu-diao-su/aphrodite-of-knidos
Interior (The Rape),https://www.wikiart.org/zh/ai-de-jia-de-jia/interior-the-rape-1869
Haystacks at Giverny,https://www.wikiart.org/zh/ke-lao-de-mo-nai/haystacks-at-giverny
Britto Garden,https://www.wikiart.org/zh/romero-britto/britto-garden-2000
The Son of Man,https://www.wikiart.org/zh/lei-nei-ma-ge-li-te/son-of-man-1964
Summer,https://www.wikiart.org/zh/zhu-sai-pei-a-er-qin-bo-tuo/summer-1563
The Storm on the Sea of Galilee,https://www.wikiart.org/zh/lun-bo-lang/christ-in-the-storm-1633
Separation in the Evening,https://www.wikiart.org/zh/bao-luo-ke-li/separation-in-the-evening-1922
Basket of Fruit,https://www.wikiart.org/zh/qia-la-wa-qiao/basket-of-fruit-1596-1
薩達那帕拉之死,https://www.wikiart.org/zh/ou-ren-de-la-ke-luo-wa/sa-da-na-pa-la-zhi-si-1827
Untitled,https://www.wikiart.org/zh/bei-ke-xin-si-ji/untitled-1978-0
Autumn on the Seine at Argenteuil,https://www.wikiart.org/zh/ke-lao-de-mo-nai/autumn-on-the-seine-at-argenteuil
煎餅磨坊的舞會,https://www.wikiart.org/zh/pi-ye-ao-gu-si-te-lei-nuo-wa/jian-bing-mo-fang-de-wu-hui-1876
Automat,https://www.wikiart.org/zh/ai-de-hua-huo-pu/automat-1927
The Burning Giraffe,https://www.wikiart.org/zh/sa-er-wa-duo-da-li/flaming-giraffe
克里斯蒂娜的世界,https://www.wikiart.org/zh/an-de-lu-wei-si/ke-li-si-di-nuo-de-shi-jie-1948
Catching the Thanksgiving Turkey,https://www.wikiart.org/zh/mo-xi-nai-nai/catching-the-thanksgiving-turkey-1943
Self Portrait with Necklace of Thorns,https://www.wikiart.org/zh/fu-lie-da-qia-luo/self-portrait-with-necklace-of-thorns-1940
Man in a Bowler Hat,https://www.wikiart.org/zh/lei-nei-ma-ge-li-te/man-in-a-bowler-hat-1964
Two Men Contemplating the Moon,https://www.wikiart.org/zh/qia-si-pa-da-wei-fu-lei-de-li-xi/not-detected-1
The Banjo Lesson,https://www.wikiart.org/zh/henry-ossawa-tanner/the-banjo-lesson-1893
Amor Victorious,https://www.wikiart.org/zh/qia-la-wa-qiao/amor-victorious-1602
Glass tears,https://www.wikiart.org/zh/man-lei/larmes-tears
Portrait of Dora Maar,https://www.wikiart.org/zh/ba-bo-luo-bi-qia-suo/portrait-of-dora-maar-1937-1
最後的晚餐,https://www.wikiart.org/zh/lie-ao-na-duo-da-fen-qi/zui-hou-de-wan-can-1495
Flower myth,https://www.wikiart.org/zh/bao-luo-ke-li/flower-myth-1918
Madame X (also known as Madame Pierre Gautreau),https://www.wikiart.org/zh/yue-han-xin-ge-sa-jin-te/madame-x-also-known-as-madame-pierre-gautreau-1884
Danae,https://www.wikiart.org/zh/gu-si-ta-fu-ke-lin-mu/danae-1908
Girl on the ball,https://www.wikiart.org/zh/ba-bo-luo-bi-qia-suo/girl-on-the-ball-1905
Ascent of the Blessed,https://www.wikiart.org/zh/ye-luo-ni-mi-si-bo-si/ascent-of-the-blessed-1504
The Bellelli Family,https://www.wikiart.org/zh/ai-de-jia-de-jia/the-belleli-family-1862
Forest,https://www.wikiart.org/zh/bao-luo-sai-shang/forest
Death for the Idea,https://www.wikiart.org/zh/bao-luo-ke-li/death-for-the-idea-1915
The Gift,https://www.wikiart.org/zh/man-lei/the-gift-1921
Rhythm 0,https://www.wikiart.org/zh/ma-li-nuo-a-bu-la-mo-wei-qi/rhythm-0
Still life  pitcher and fruit,https://www.wikiart.org/zh/bao-luo-sai-shang/still-life-pitcher-and-fruit-1894
The Wheat Sifters,https://www.wikiart.org/zh/ju-si-ta-fu-ku-er-bei/the-wheat-sifters-1855-1
黃金律,https://www.wikiart.org/zh/nuo-man-luo-ke-wei-er/huang-jin-lu-1961
In the Style of Kairouan,https://www.wikiart.org/zh/bao-luo-ke-li/in-the-style-of-kairouan-1914
University of Vienna Ceiling Paintings (Medicine)  detail showing Hygieia,https://www.wikiart.org/zh/gu-si-ta-fu-ke-lin-mu/university-of-vienna-ceiling-paintings-medicine-detail-showing-hygieia-1907-1
下樓的裸女二號,https://www.wikiart.org/zh/ma-sai-er-du-xiang/xia-lou-de-luo-nu-er-hao-1912
美国哥特式,https://www.wikiart.org/zh/ge-lan-te-wu-de/mei-guo-ge-te-shi-1930
Piazza d'Italia,https://www.wikiart.org/zh/qiao-zhi-de-ji-li-ke/piazza-d-italia-1913
吶喊,https://www.wikiart.org/zh/ai-de-hua-meng-ke/ne-han-1893
Drowning girl,https://www.wikiart.org/zh/luo-yi-li-xi-teng-si-tan/drowning-girl-1963
The Hallucinogenic Toreador,https://www.wikiart.org/zh/sa-er-wa-duo-da-li/hallucinogenic-toreador-1970
阿諾菲尼的婚禮,https://www.wikiart.org/zh/yang-fan-ai-ke/a-er-nuo-fei-ni-fu-fu-1434
The Souls of the Mountain,https://www.wikiart.org/zh/remedios-varo/the-souls-of-the-mountain-1938
Black and Violet,https://www.wikiart.org/zh/wa-xi-li-kang-ding-si-ji/black-and-violet-1923
Portrait of Napoléon on the Imperial Throne,https://www.wikiart.org/zh/rang-ao-gu-si-te-duo-mi-ni-ke-an-ge-er/portrait-of-napoleon-on-the-imperial-throne-1806
迦拿的婚禮,https://www.wikiart.org/zh/bao-luo-wei-luo-nei-sai/jia-na-de-hun-li-1563
Self Portrait,https://www.wikiart.org/zh/a-dao-fu-xi-te-le/self-portrait-1910
My Dress Hangs There,https://www.wikiart.org/zh/fu-lie-da-qia-luo/my-dress-hangs-there-1933
Paul Gauguin's Armchair,https://www.wikiart.org/zh/wen-sen-te-fan-gao/paul-gauguin-s-armchair-1888
Boy and Girl gazing at the Moon,https://www.wikiart.org/zh/nuo-man-luo-ke-wei-er/boy-and-girl-gazing-at-the-moon-1926
Landscape with House and Ploughman,https://www.wikiart.org/zh/wen-sen-te-fan-gao/landscape-with-house-and-ploughman-1889
Andre Derain,https://www.wikiart.org/zh/ba-er-di-si/andre-derain-1936
Hylas and the Nymphs,https://www.wikiart.org/zh/yue-han-wei-lian-mu-wo-te-hao-si/hylas-and-the-nymphs-1896-1
The Wounded Deer,https://www.wikiart.org/zh/fu-lie-da-qia-luo/the-wounded-deer-1946
A rooster,https://www.wikiart.org/zh/ba-bo-luo-bi-qia-suo/a-rooster-1938-1
畫向日葵的畫家,https://www.wikiart.org/zh/bao-luo-gao-geng/hua-xiang-ri-kui-de-hua-jia-1888
The Absinthe Drinker,https://www.wikiart.org/zh/ai-de-jia-de-jia/the-absinthe-drinker-1876
Cat catching a bird,https://www.wikiart.org/zh/ba-bo-luo-bi-qia-suo/cat-catching-a-bird-1939
Irises in Monet's Garden,https://www.wikiart.org/zh/ke-lao-de-mo-nai/irises-in-monet-s-garden-03
Ophelia,https://www.wikiart.org/zh/yue-han-wei-lian-mu-wo-te-hao-si/ophelia-1889
梦想（床）,https://www.wikiart.org/zh/fu-lie-da-qia-luo/meng-xiang-chuang-1940
The Castle of the Pyrenees,https://www.wikiart.org/zh/lei-nei-ma-ge-li-te/the-castle-of-the-pyrenees-1959
Paradise Lost,https://www.wikiart.org/zh/gu-si-ta-fu-duo-lei/paradise-lost-3
The Charge of the Lancers,https://www.wikiart.org/zh/weng-bei-tuo-bo-qiu-ni/the-charge-of-the-lancers-1915
Self-Portrait,https://www.wikiart.org/zh/ba-bo-luo-bi-qia-suo/self-portrait-1907
嘉舍醫師的畫像,https://www.wikiart.org/zh/wen-sen-te-fan-gao/jia-she-yi-shi-de-hua-xiang-1890-0
The old blind guitarist,https://www.wikiart.org/zh/ba-bo-luo-bi-qia-suo/the-old-blind-guitarist-1903
El grito nº 3,https://www.wikiart.org/zh/oswaldo-guayasamin/el-grito-n-3-1983
Jacob's Dream,https://www.wikiart.org/zh/hu-sai-pei-de-li-bei-la/jacob-s-dream-1639
Lamentation (The Mourning of Christ),https://www.wikiart.org/zh/qiao-tuo-di-bang-duo-na/lamentation-the-mourning-of-christ-1306-1
San Giorgio Maggiore at Dusk,https://www.wikiart.org/zh/ke-lao-de-mo-nai/san-giorgio-maggiore-at-dusk
夜巡,https://www.wikiart.org/zh/lun-bo-lang/ye-xun-1642
Woman with a Hat,https://www.wikiart.org/zh/heng-li-ma-di-si/woman-with-hat-1905
The Temptation of St. Anthony,https://www.wikiart.org/zh/sa-er-wa-duo-da-li/the-temptation-of-st-anthony
Goldfish,https://www.wikiart.org/zh/heng-li-ma-di-si/goldfish-1911
Winston Churchill,https://www.wikiart.org/zh/graham-sutherland/winston-churchill-1954-1
Dancer,https://www.wikiart.org/zh/hu-an-mi-luo/dancer
Ashes,https://www.wikiart.org/zh/ai-de-hua-meng-ke/ashes-1894
Lighthouse at Two Lights,https://www.wikiart.org/zh/ai-de-hua-huo-pu/lighthouse-at-two-lights-1929
Vienna State Opera House,https://www.wikiart.org/zh/a-dao-fu-xi-te-le/opera-de-vienne
The Listening Room,https://www.wikiart.org/zh/lei-nei-ma-ge-li-te/the-listening-room-1952
美麗的費隆妮葉夫人,https://www.wikiart.org/zh/lie-ao-na-duo-da-fen-qi/mei-li-de-fei-long-ni-xie-fu-ren-1490
Blue Horse I,https://www.wikiart.org/zh/fu-lan-ci-ma-er-ke/blue-horse-i-1911
Vampire,https://www.wikiart.org/zh/ai-de-hua-meng-ke/vampire-1895
Suprematist Composition,https://www.wikiart.org/zh/qia-ji-mi-er-xie-wei-li-nuo-wei-qi-ma-lie-wei-qi/suprematist-composition-1915
The Stages of Life,https://www.wikiart.org/zh/qia-si-pa-da-wei-fu-lei-de-li-xi/the-stages-of-life
Self-Portrait with a Beret,https://www.wikiart.org/zh/ke-lao-de-mo-nai/self-portrait-with-a-beret-1886
Self-Portrait,https://www.wikiart.org/zh/a-er-bu-lei-xi-te-diu-le/self-portrait-1498
在地獄的但丁和維吉爾,https://www.wikiart.org/zh/wei-lian-a-dao-fu-bu-ge-luo/zai-di-yu-de-dan-ding-he-wei-ji-er-1850
The Face of War,https://www.wikiart.org/zh/sa-er-wa-duo-da-li/the-face-of-war-1941
Snow Storm - Steamboat off a Harbour's Mouth,https://www.wikiart.org/zh/yue-se-fu-ma-luo-de-wei-lian-te-na/snow-storm-steam-boat-off-a-harbours-mouth-1842
A Knight At the Crossroads,https://www.wikiart.org/zh/wei-ke-duo-wa-si-nie-zuo-fu/a-knight-at-the-crossroads-1878
自由引导人民,https://www.wikiart.org/zh/ou-ren-de-la-ke-luo-wa/zi-you-yin-dao-ren-min-1830
Don Quixote and Sancho Setting Out,https://www.wikiart.org/zh/gu-si-ta-fu-duo-lei/don-quixote-and-sancho-setting-out-1863
Frida and the Miscarriage,https://www.wikiart.org/zh/fu-lie-da-qia-luo/frida-and-the-miscarriage-1932
The Discovery of America by Christopher Columbus,https://www.wikiart.org/zh/sa-er-wa-duo-da-li/the-discovery-of-america-by-christopher-columbus-1959
Sower with Setting Sun,https://www.wikiart.org/zh/wen-sen-te-fan-gao/sower-with-setting-sun-1888-3
Mystery and Melancholy of a Street,https://www.wikiart.org/zh/qiao-zhi-de-ji-li-ke/mystery-and-melancholy-of-a-street-1914
Science and Charity,https://www.wikiart.org/zh/ba-bo-luo-bi-qia-suo/science-and-charity-1897
Big Campbell's Soup Can 19c (Beef Noodle),https://www.wikiart.org/zh/an-di-wo-he/campbell-s-soup-can-beef
镜前的维纳斯,https://www.wikiart.org/zh/wei-la-si-kai-zi/jing-qian-de-wei-na-si-1648
黑方塊,https://www.wikiart.org/zh/qia-ji-mi-er-xie-wei-li-nuo-wei-qi-ma-lie-wei-qi/hei-fang-kuai-1915-0
Transverse Line,https://www.wikiart.org/zh/wa-xi-li-kang-ding-si-ji/transverse-line-1923
Starry Night Over the Rhone,https://www.wikiart.org/zh/wen-sen-te-fan-gao/the-starry-night-1888-2
The Joy of Life,https://www.wikiart.org/zh/heng-li-ma-di-si/the-joy-of-life-1906
聖馬太蒙召喚,https://www.wikiart.org/zh/qia-la-wa-qiao/sheng-ma-tai-meng-zhao-huan-1600
西斯廷聖母,https://www.wikiart.org/zh/la-fei-er/xi-si-ting-sheng-mu-1513
1808年5月3日,https://www.wikiart.org/zh/fu-lang-xi-si-ke-ge-ya/1808nian-5yue-3ri-1814
The treachery of images (This is not a pipe),https://www.wikiart.org/zh/lei-nei-ma-ge-li-te/the-treachery-of-images-this-is-not-a-pipe-1948
農神吞噬其子,https://www.wikiart.org/zh/fu-lang-xi-si-ke-ge-ya/nong-shen-tun-shi-qi-zi-1823
天使報喜,https://www.wikiart.org/zh/lie-ao-na-duo-da-fen-qi/sheng-mu-ling-bao-1472
伏尔加河上的纤夫,https://www.wikiart.org/zh/yi-li-ya-xie-fei-mo-wei-qi-lie-bin/fu-er-jia-he-shang-de-xian-fu-1873
Et in Arcadia ego,https://www.wikiart.org/zh/ni-gu-la-pu-sang/et-in-arcadia-ego-1639-1
Don Sebastian de Morra,https://www.wikiart.org/zh/wei-la-si-kai-zi/don-sebastian-de-morra
Europe after the Rain II,https://www.wikiart.org/zh/ma-ke-si-en-si-te/europe-after-the-rain-ii
Medusa,https://www.wikiart.org/zh/qia-la-wa-qiao/medusa-1597-1
第四阶级（油画）,https://www.wikiart.org/zh/pellizza-da-volpedo/the-fourth-estate-1901
布拉達之降,https://www.wikiart.org/zh/wei-la-si-kai-zi/bu-la-da-zhi-jiang-1635
The Portuguese (The Emigrant),https://www.wikiart.org/zh/qiao-zhi-bu-la-ke/portuguese-1911
Number 8  (detail),https://www.wikiart.org/zh/jie-ke-xun-bo-luo-ke/number-8-detail
The Poetess,https://www.wikiart.org/zh/hu-an-mi-luo/the-poetess
Self Portrait Dedicated to Dr Eloesser,https://www.wikiart.org/zh/fu-lie-da-qia-luo/self-portrait-dedicated-to-dr-eloesser-1940
扎波罗热哥萨克致土耳其苏丹的回信,https://www.wikiart.org/zh/yi-li-ya-xie-fei-mo-wei-qi-lie-bin/zha-bo-luo-re-ge-sa-ke-zhi-tu-er-qi-su-dan-de-hui-xin-1896
Red Vineyards at Arles,https://www.wikiart.org/zh/wen-sen-te-fan-gao/red-vineyards-at-arles-1888
Gargantua,https://www.wikiart.org/zh/ao-nuo-lei-du-mi-ai/gargantua-1831
Diego and I,https://www.wikiart.org/zh/fu-lie-da-qia-luo/diego-and-i-1949
Incredulity of Saint Thomas,https://www.wikiart.org/zh/qia-la-wa-qiao/incredulity-of-saint-thomas
Roots,https://www.wikiart.org/zh/fu-lie-da-qia-luo/roots-1943
Head of a Capri Girl,https://www.wikiart.org/zh/yue-han-xin-ge-sa-jin-te/head-of-a-capri-girl-1878
The Card Players,https://www.wikiart.org/zh/bao-luo-sai-shang/the-card-players-1892
The Beethoven Frieze: The Hostile Powers. Far Wall,https://www.wikiart.org/zh/gu-si-ta-fu-ke-lin-mu/the-beethoven-frieze-the-hostile-powers-far-wall-1902-1
View At Rouelles Le Havre,https://www.wikiart.org/zh/ke-lao-de-mo-nai/view-at-rouelles-le-havre
Day of the Gods,https://www.wikiart.org/zh/bao-luo-gao-geng/a-day-of-no-gods-1894
St. Veronica with the Holy Shroud,https://www.wikiart.org/zh/ge-lei-kao/st-veronica-with-the-holy-shroud
蘋果籃,https://www.wikiart.org/zh/bao-luo-sai-shang/pin-guo-lan-1895
The Fiddler,https://www.wikiart.org/zh/ma-ke-xia-qia-er/the-fiddler-1913
Knight of the Flowers,https://www.wikiart.org/zh/georges-rochegrosse/knight-of-the-flowers
Witches Sabbath,https://www.wikiart.org/zh/fu-lang-xi-si-ke-ge-ya/witches-sabbath-1789
聖母子與聖安妮,https://www.wikiart.org/zh/lie-ao-na-duo-da-fen-qi/sheng-mu-zi-yu-sheng-an-ni-1510
Infinity Mirror Room,https://www.wikiart.org/zh/cao-jian-mi-sheng/infinity-mirror-room-1965
L.A. CAT 1995,https://www.wikiart.org/zh/romero-britto/l-a-cat-1995-1995
The Light of the World,https://www.wikiart.org/zh/wei-lian-huo-er-man-heng-te/the-light-of-the-world
Music,https://www.wikiart.org/zh/heng-li-ma-di-si/music-1910
Children,https://www.wikiart.org/zh/ba-er-di-si/children-1937
The street,https://www.wikiart.org/zh/ba-er-di-si/the-street-1933
Creation,https://www.wikiart.org/zh/die-ge-li-wei-la/creation-1923
Yellow-Red-Blue,https://www.wikiart.org/zh/wa-xi-li-kang-ding-si-ji/yellow-red-blue-1925
The Enigma,https://www.wikiart.org/zh/gu-si-ta-fu-duo-lei/the-enigma-1871
Young Hare,https://www.wikiart.org/zh/a-er-bu-lei-xi-te-diu-le/a-young-hare
大衛像,https://www.wikiart.org/zh/mi-kai-lang-ji-luo/da-wei-xiang-1504
黄色的基督,https://www.wikiart.org/zh/bao-luo-gao-geng/huang-se-de-ji-du-1889
康寶湯罐頭,https://www.wikiart.org/zh/an-di-wo-he/jin-bao-tang-guan-tou-1962
Branches with Almond Blossom,https://www.wikiart.org/zh/wen-sen-te-fan-gao/branches-with-almond-blossom-1890
The Arsenal,https://www.wikiart.org/zh/die-ge-li-wei-la/the-arsenal-1928
Cycle,https://www.wikiart.org/zh/mo-li-zi-ke-ni-li-si-ai-xue/cycle
Color Study: Squares with Concentric Circles,https://www.wikiart.org/zh/wa-xi-li-kang-ding-si-ji/color-study-squares-with-concentric-circles-1913
Revelation (The watch),https://www.wikiart.org/zh/remedios-varo/revelation-the-watch-1955
Waterfall,https://www.wikiart.org/zh/mo-li-zi-ke-ni-li-si-ai-xue/waterfall
Dead Leaves,https://www.wikiart.org/zh/remedios-varo/dead-leaves-1956
The Embrace,https://www.wikiart.org/zh/ai-gong-xi-le/the-embrace-1917
Composition X,https://www.wikiart.org/zh/wa-xi-li-kang-ding-si-ji/composition-x-1939
鞦韆,https://www.wikiart.org/zh/rang-ao-nuo-lei-fu-la-ge-na-er/wen-yi-wen-ku-1767
A Few Small Nips (Passionately in Love),https://www.wikiart.org/zh/fu-lie-da-qia-luo/a-few-small-nips-passionately-in-love-1935
Hotel Lobby,https://www.wikiart.org/zh/ai-de-hua-huo-pu/hotel-lobby
Dream of a Sunday Afternoon in Alameda Park,https://www.wikiart.org/zh/die-ge-li-wei-la/dream-of-a-sunday-afternoon-in-alameda-park-1948
Wheatfield with Crows,https://www.wikiart.org/zh/wen-sen-te-fan-gao/wheatfield-with-crows-1890
維納斯的誕生,https://www.wikiart.org/zh/sang-de-luo-bo-ti-qie-li/wei-na-si-de-dan-sheng-1485
View of Toledo,https://www.wikiart.org/zh/ge-lei-kao/view-of-toledo
佈道後的視覺,https://www.wikiart.org/zh/bao-luo-gao-geng/bu-dao-hou-de-shi-jue-1888
Symmetry Drawing,https://www.wikiart.org/zh/mo-li-zi-ke-ni-li-si-ai-xue/symmetry-drawing
Mushrooms,https://www.wikiart.org/zh/cao-jian-mi-sheng/mushrooms-1995
女神遊樂廳的吧檯,https://www.wikiart.org/zh/ai-de-hua-ma-nai/nu-shen-you-le-ting-de-ba-tai-1882
通天塔,https://www.wikiart.org/zh/lao-bi-de-bo-lu-gai-er/tong-tian-ta-1563
Flora,https://www.wikiart.org/zh/lun-bo-lang/flora-1634
The Desperate Man (Self-Portrait),https://www.wikiart.org/zh/ju-si-ta-fu-ku-er-bei/the-desperate-man-self-portrait-1845
Water Lilies,https://www.wikiart.org/zh/ke-lao-de-mo-nai/water-lilies-1919-1
Time transfixed,https://www.wikiart.org/zh/lei-nei-ma-ge-li-te/time-transfixed-1938
Seated Woman with Bent Knee,https://www.wikiart.org/zh/ai-gong-xi-le/seated-woman-with-bent-knee-1917
吻,https://www.wikiart.org/zh/gu-si-ta-fu-ke-lin-mu/wen-1908
春,https://www.wikiart.org/zh/sang-de-luo-bo-ti-qie-li/chun-1478
創造亞當,https://www.wikiart.org/zh/mi-kai-lang-ji-luo/chuang-zao-ya-dang-1512
The Concert in the Egg,https://www.wikiart.org/zh/ye-luo-ni-mi-si-bo-si/the-concert-in-the-egg-1480
Flower Garden,https://www.wikiart.org/zh/gu-si-ta-fu-ke-lin-mu/flower-garden-1907
The human condition,https://www.wikiart.org/zh/lei-nei-ma-ge-li-te/the-human-condition-1935
根特祭坛画,https://www.wikiart.org/zh/yang-fan-ai-ke/gen-te-ji-tan-hua-1432
The Gray Tree,https://www.wikiart.org/zh/pi-te-meng-de-li-an/the-gray-tree-1911
Portrait of aunt Pepa,https://www.wikiart.org/zh/ba-bo-luo-bi-qia-suo/portrait-of-aunt-pepa-1896
盲人預言,https://www.wikiart.org/zh/lao-bi-de-bo-lu-gai-er/mang-ren-yu-yan-1568
Boy and dog in a Johnnypump,https://www.wikiart.org/zh/shang-mi-xie-ba-si-qi-ya/boy-and-dog-in-a-johnnypump
Self-Portrait Along the Border Line Between Mexico and the United States,https://www.wikiart.org/zh/fu-lie-da-qia-luo/self-portrait-along-the-boarder-line-between-mexico-and-the-united-states-1932
La gerbe,https://www.wikiart.org/zh/heng-li-ma-di-si/la-gerbe-1953
Forever Always,https://www.wikiart.org/zh/octavio-ocampo/forever-always
Onement VI,https://www.wikiart.org/zh/ba-ni-te-niu-man/onement-vi-1953
Portrait of Ambroise Vollard,https://www.wikiart.org/zh/ba-bo-luo-bi-qia-suo/portrait-of-ambroise-vollard-1910
The Smile of the Flamboyant Wings,https://www.wikiart.org/zh/hu-an-mi-luo/the-smile-of-the-flamboyant-wings
艾蒂兒肖像一號,https://www.wikiart.org/zh/gu-si-ta-fu-ke-lin-mu/ai-di-er-xiao-xiang-hao-1907
Minotaur,https://www.wikiart.org/zh/man-lei/minotaur-1934
Bull's Head,https://www.wikiart.org/zh/ba-bo-luo-bi-qia-suo/bulls-head-1942
Untitled (Money can buy you love),https://www.wikiart.org/zh/barbara-kruger/untitled-money-can-buy-you-love-1985
The Roses of Heliogabalus,https://www.wikiart.org/zh/lao-lun-si-a-er-ma-ta-de-ma/the-roses-of-heliogabalus-1888
水仙,https://www.wikiart.org/zh/qia-la-wa-qiao/shui-xian-1599
The Fight between Carnival and Lent,https://www.wikiart.org/zh/lao-bi-de-bo-lu-gai-er/the-fight-between-carnival-and-lent-1559-1
Southern Justice (Murder in Mississippi),https://www.wikiart.org/zh/nuo-man-luo-ke-wei-er/southern-justice-murder-in-mississippi-1965
Queen Elizabeth II,https://www.wikiart.org/zh/lu-xi-an-fu-luo-yi-de/queen-elizabeth-ii-2001
Me and My Parrots,https://www.wikiart.org/zh/fu-lie-da-qia-luo/me-and-my-parrots-1941
Camille Monet and a Child in the Artist’s Garden in Argenteuil,https://www.wikiart.org/zh/ke-lao-de-mo-nai/madame-monet-and-child
Me  She,https://www.wikiart.org/zh/man-lei/me-she-1934
The Virgin,https://www.wikiart.org/zh/gu-si-ta-fu-ke-lin-mu/the-virgin-1913
A Young Girl Reading,https://www.wikiart.org/zh/rang-ao-nuo-lei-fu-la-ge-na-er/a-young-girl-reading-1776-1
Without Hope,https://www.wikiart.org/zh/fu-lie-da-qia-luo/without-hope-1945
The Death of Seneca,https://www.wikiart.org/zh/ya-ke-lu-yi-da-wei/the-death-of-seneca-1773
Self-Portrait,https://www.wikiart.org/zh/ba-bo-luo-bi-qia-suo/self-portrait-1901
Self Portrait with Bandaged Ear,https://www.wikiart.org/zh/wen-sen-te-fan-gao/self-portrait-with-bandaged-ear-1889
Convergence (Number 10),https://www.wikiart.org/zh/jie-ke-xun-bo-luo-ke/convergence-1952
Office in a Small City,https://www.wikiart.org/zh/ai-de-hua-huo-pu/office-in-a-small-city-1953
Composition VII,https://www.wikiart.org/zh/wa-xi-li-kang-ding-si-ji/composition-vii-1913
Lady Godiva,https://www.wikiart.org/zh/john-collier/lady-godiva-1897
Dance (II),https://www.wikiart.org/zh/heng-li-ma-di-si/dance-ii-1910
Over the town,https://www.wikiart.org/zh/ma-ke-xia-qia-er/over-the-town-1918
The Disintegration of the Persistence of Memory,https://www.wikiart.org/zh/sa-er-wa-duo-da-li/the-disintegration-of-the-persistence-of-memory
Ivan the Terrible and His Son Ivan on November 16  1581,https://www.wikiart.org/zh/yi-li-ya-xie-fei-mo-wei-qi-lie-bin/ivan-the-terrible-and-his-son-ivan-on-november-16-1581-1885
Lizard,https://www.wikiart.org/zh/mo-li-zi-ke-ni-li-si-ai-xue/lizard-1
蘇格拉底之死,https://www.wikiart.org/zh/ya-ke-lu-yi-da-wei/su-ge-la-di-zhi-si-1787
A Glimpse of Notre-Dame in the Late Afternoon,https://www.wikiart.org/zh/heng-li-ma-di-si/notre-dame-sunrise-1902
Reflection (Self-Portrait),https://www.wikiart.org/zh/lu-xi-an-fu-luo-yi-de/reflection-self-portrait-1985
L.H.O.O.Q  Mona Lisa with moustache,https://www.wikiart.org/zh/ma-sai-er-du-xiang/l-h-o-o-q-mona-lisa-with-moustache-1919
雅典學院,https://www.wikiart.org/zh/la-fei-er/ya-dian-xue-yuan-1511
The Procuress,https://www.wikiart.org/zh/yang-fu-mei-er/the-procuress-1656
Jeanne Samary in a Low Necked Dress,https://www.wikiart.org/zh/pi-ye-ao-gu-si-te-lei-nuo-wa/jeanne-samary-in-a-low-necked-dress-1877
New York City I,https://www.wikiart.org/zh/pi-te-meng-de-li-an/new-york-city-i-1942
梅杜薩之筏,https://www.wikiart.org/zh/xi-ao-duo-jie-li-ke/mei-du-sa-zhi-fa-1819
聖母的康乃馨,https://www.wikiart.org/zh/lie-ao-na-duo-da-fen-qi/sheng-mu-de-kang-nai-xin-1480
The Farm,https://www.wikiart.org/zh/hu-an-mi-luo/the-farm-1922
Vega-Nor,https://www.wikiart.org/zh/wei-ke-duo-wa-sha-lei/vega-nor-1969
The Poor Poet,https://www.wikiart.org/zh/qia-er-shi-pi-ci-wei-ge/the-poor-poet-1837
Boxer,https://www.wikiart.org/zh/shang-mi-xie-ba-si-qi-ya/boxer
Echo,https://www.wikiart.org/zh/di-ao-duo-ji-te-er-sen/echo-ekko-1888
Frozen Assets,https://www.wikiart.org/zh/die-ge-li-wei-la/frozen-assets-1931
Drawing Hands,https://www.wikiart.org/zh/mo-li-zi-ke-ni-li-si-ai-xue/drawing-hands
The Lady of Shalott,https://www.wikiart.org/zh/yue-han-wei-lian-mu-wo-te-hao-si/the-lady-of-shalott-1888
Che Guevara,https://www.wikiart.org/zh/an-di-wo-he/che-guevara
十字若望的基督,https://www.wikiart.org/zh/sa-er-wa-duo-da-li/shi-zi-ruo-wang-de-ji-du-1951
Fromelles,https://www.wikiart.org/zh/a-dao-fu-xi-te-le/fromelles-1916
Krishna (Spring in Kulu),https://www.wikiart.org/zh/ni-gu-la-si-luo-li-qi/krishna-spring-in-kulu-1930
戴珍珠耳環的少女,https://www.wikiart.org/zh/yang-fu-mei-er/dai-zhen-zhu-er-huan-de-shao-nu-1665
The Suicide of Dorothy Hale,https://www.wikiart.org/zh/fu-lie-da-qia-luo/the-suicide-of-dorothy-hale-1938
歐貴茲伯爵的葬禮,https://www.wikiart.org/zh/ge-lei-kao/ou-gui-zi-bo-jue-de-zang-li-1587
In Bed  The Kiss,https://www.wikiart.org/zh/heng-li-de-tu-lu-si-luo-te-lie-ke/in-bed-the-kiss-1892
I Can't Believe You Morons Actually Buy This Shit,https://www.wikiart.org/zh/ban-ke-si/i-can-t-believe-you-morons-actually-buy-this-shit-2007
聖傑洛姆,https://www.wikiart.org/zh/qia-la-wa-qiao/sheng-jie-luo-mu-1605
Elvis I & II,https://www.wikiart.org/zh/an-di-wo-he/elvis-presley
The Nymphaeum,https://www.wikiart.org/zh/wei-lian-a-dao-fu-bu-ge-luo/the-nymphaeum-1878
Entrance to Subway,https://www.wikiart.org/zh/ma-ke-luo-si-ke/entance-to-subway
The Adoration of the Name of The Lord,https://www.wikiart.org/zh/fu-lang-xi-si-ke-ge-ya/the-adoration-of-the-name-of-the-lord-1772
The Fall,https://www.wikiart.org/zh/alan-stephens-foster/53c057ad59f4bd6f22a2ef3a0710b11a
Dance Class at the Opera  rue Le Peletier,https://www.wikiart.org/zh/ai-de-jia-de-jia/dance-class-at-the-opera-1872
Self Portrait with Cropped Hair,https://www.wikiart.org/zh/fu-lie-da-qia-luo/self-portrait-with-cropped-hair-1940
Arda In Flanders,https://www.wikiart.org/zh/a-dao-fu-xi-te-le/arda-in-flanders-1917
Tableau I,https://www.wikiart.org/zh/pi-te-meng-de-li-an/tableau-i-1921
被斬首的聖施洗者約翰,https://www.wikiart.org/zh/qia-la-wa-qiao/bei-zhan-shou-de-sheng-shi-xi-zhe-yue-han-1608
La belle Iseult,https://www.wikiart.org/zh/wei-lian-mo-li-si/la-belle-iseult-1858
The Sick Child (later),https://www.wikiart.org/zh/ai-de-hua-meng-ke/the-sick-child-1886
Rooms By The Sea,https://www.wikiart.org/zh/ai-de-hua-huo-pu/rooms-by-the-sea
星夜,https://www.wikiart.org/zh/wen-sen-te-fan-gao/xing-ye-1889
The Shipwreck,https://www.wikiart.org/zh/yue-se-fu-ma-luo-de-wei-lian-te-na/the-shipwreck
Great Still life on pedestal,https://www.wikiart.org/zh/ba-bo-luo-bi-qia-suo/great-still-life-on-pedestal-1931
Guitar lesson,https://www.wikiart.org/zh/ba-er-di-si/guitar-lesson-1934
Abduction of the Daughters of Leucippus,https://www.wikiart.org/zh/bi-de-bao-luo-lu-ben-si/rape-of-the-daughters-of-leucippus-1618
Composition VI,https://www.wikiart.org/zh/wa-xi-li-kang-ding-si-ji/composition-vi-1913
Still Life - Vase with Fifteen Sunflowers,https://www.wikiart.org/zh/wen-sen-te-fan-gao/still-life-vase-with-fifteen-sunflowers-1888-1
Portrait of Maude Abrantes,https://www.wikiart.org/zh/a-mei-dai-ao-mo-di-li-ya-ni/portrait-of-maude-abrantes-1907
Relativity lattice,https://www.wikiart.org/zh/mo-li-zi-ke-ni-li-si-ai-xue/relativity-lattice
播種者,https://www.wikiart.org/zh/rang-fu-lang-suo-wa-mi-le/bo-zhong-zhe-1850
Brillo Soap Pads Boxes,https://www.wikiart.org/zh/an-di-wo-he/brillo-soap-pads-boxes-1964
Death of Pablo Escobar,https://www.wikiart.org/zh/fernando-botero/death-of-pablo-escobar
观景殿的阿波罗,https://www.wikiart.org/zh/gu-xi-la-hui-hua-yu-diao-su/apollo-belvedere
Balkan Erotic Epic,https://www.wikiart.org/zh/ma-li-nuo-a-bu-la-mo-wei-qi/balkan-erotic-epic-2005
Estaque,https://www.wikiart.org/zh/an-de-lie-de-lan/estaque-1905
Girl with a Dog,https://www.wikiart.org/zh/rang-ao-nuo-lei-fu-la-ge-na-er/girl-with-a-dog
Girl and Death,https://www.wikiart.org/zh/ai-de-hua-meng-ke/girl-and-death-1894
The Arrest of Christ (Kiss of Judas),https://www.wikiart.org/zh/qiao-tuo-di-bang-duo-na/the-arrest-of-christ-kiss-of-judas-1306-1
創造亞當,https://www.wikiart.org/zh/mi-kai-lang-ji-luo/chuang-zao-ya-dang-1510
Joachim among the Shepherds,https://www.wikiart.org/zh/qiao-tuo-di-bang-duo-na/joachim-among-the-shepherds
Creation of the Birds,https://www.wikiart.org/zh/remedios-varo/creation-of-the-birds
Untitled,https://www.wikiart.org/zh/bei-ke-xin-si-ji/untitled-504
Rest Energy,https://www.wikiart.org/zh/ma-li-nuo-a-bu-la-mo-wei-qi/rest-energy
Mountains and Sea,https://www.wikiart.org/zh/helen-frankenthaler/mountains-and-sea-1962
夢魘,https://www.wikiart.org/zh/yue-han-heng-li-xi-fei-si-li/meng-yan-1781
Sugaring Off,https://www.wikiart.org/zh/mo-xi-nai-nai/sugaring-off-1943
Judith Beheading Holofernes,https://www.wikiart.org/zh/qia-la-wa-qiao/judith-beheading-holofernes-1599
The Birthday,https://www.wikiart.org/zh/ma-ke-xia-qia-er/the-birthday-1915
Un Chien Andalou (film still),https://www.wikiart.org/zh/sa-er-wa-duo-da-li/un-chien-andalou-film-still-1928
维纳斯与战神,https://www.wikiart.org/zh/sang-de-luo-bo-ti-qie-li/wei-na-si-yu-zhan-shen-1483
Child with dove,https://www.wikiart.org/zh/ba-bo-luo-bi-qia-suo/child-with-dove-1901
沉睡的吉普赛人,https://www.wikiart.org/zh/heng-li-lu-suo/chen-shui-de-ji-pu-sai-ren-1897
Female Artist,https://www.wikiart.org/zh/en-si-te-lu-de-wei-xi-ke-er-xi-na/female-artist
Chop Suey,https://www.wikiart.org/zh/ai-de-hua-huo-pu/chop-suey-1929
岩窟聖母,https://www.wikiart.org/zh/lie-ao-na-duo-da-fen-qi/yan-ku-sheng-mu-1505
St. Francis Preaching to the Birds,https://www.wikiart.org/zh/qiao-tuo-di-bang-duo-na/st-francis-preaching-to-the-birds-1299
Castle and Sun,https://www.wikiart.org/zh/bao-luo-ke-li/castle-and-sun-1928
The Embarkation for Cythera,https://www.wikiart.org/zh/rang-an-dong-ni-hua-tuo/the-embarkation-for-cythera-1717
Still Life - Vase with Twelve Sunflowers,https://www.wikiart.org/zh/wen-sen-te-fan-gao/still-life-vase-with-twelve-sunflowers
Pope Leo X (after Raphael),https://www.wikiart.org/zh/fernando-botero/pope-leo-x-after-raphael
Sportsmen,https://www.wikiart.org/zh/qia-ji-mi-er-xie-wei-li-nuo-wei-qi-ma-lie-wei-qi/spotrsmeny-1931
Dream Caused by the Flight of a Bee around a Pomegranate a Second before Awakening,https://www.wikiart.org/zh/sa-er-wa-duo-da-li/dream-caused-by-the-flight-of-a-bee-around-a-pomegranate-one-second-before-awakening
The Vision of Death,https://www.wikiart.org/zh/gu-si-ta-fu-duo-lei/the-vision-of-death
嘉舍醫師的畫像,https://www.wikiart.org/zh/wen-sen-te-fan-gao/jia-she-yi-shi-de-hua-xiang-1890
Thérèse dreaming,https://www.wikiart.org/zh/ba-er-di-si/th%C3%A9r%C3%A8se-dreaming-1938
亚当和夏娃,https://www.wikiart.org/zh/a-er-bu-lei-xi-te-diu-le/ya-dang-he-xia-wa-1507
Moses,https://www.wikiart.org/zh/fu-lie-da-qia-luo/moses-1945
The Bird Seller,https://www.wikiart.org/zh/vicente-manansala/the-bird-seller-1976
Slow Swirl at the Edge of the Sea,https://www.wikiart.org/zh/ma-ke-luo-si-ke/slow-swirl-at-the-edge-of-the-sea
Kiss,https://www.wikiart.org/zh/ai-de-hua-meng-ke/kiss-1897
The Meeting (Bonjour Monsieur Courbet),https://www.wikiart.org/zh/ju-si-ta-fu-ku-er-bei/the-meeting-bonjour-monsieur-courbet-1854
I Make Maintenance Art One Hour Every Day,https://www.wikiart.org/zh/mierle-laderman-ukeles/i-make-maintenance-art-one-hour-every-day-1976
伯沙撒的盛宴,https://www.wikiart.org/zh/lun-bo-lang/bo-sha-sa-wang-de-sheng-yan-1635
抱銀貂的女子,https://www.wikiart.org/zh/lie-ao-na-duo-da-fen-qi/bao-yin-diao-de-nu-zi-1496
維特魯威人,https://www.wikiart.org/zh/lie-ao-na-duo-da-fen-qi/wei-te-lu-wei-ren-1492
Composition C (No.III) with Red  Yellow and Blue,https://www.wikiart.org/zh/pi-te-meng-de-li-an/composition-c-no-iii-with-red-yellow-and-blue-1935
Landscape near Chatou,https://www.wikiart.org/zh/an-de-lie-de-lan/landscape-near-chatou-1904-1
La Grande Jatte,https://www.wikiart.org/zh/qiao-zhi-xiu-la/la-grande-jatte-1884
The Elephant Celebes,https://www.wikiart.org/zh/ma-ke-si-en-si-te/the-elephant-celebes-1921
Samson and Delilah,https://www.wikiart.org/zh/bi-de-bao-luo-lu-ben-si/samson-and-delilah-1610
美惠三女神,https://www.wikiart.org/zh/la-fei-er/mei-hui-san-nu-shen-1505
What a Human Being Is,https://www.wikiart.org/zh/hilma-af-klint/what-a-human-being-is-1910
Cleopatra,https://www.wikiart.org/zh/yue-han-wei-lian-mu-wo-te-hao-si/cleopatra-1887-1
The Broken Column,https://www.wikiart.org/zh/fu-lie-da-qia-luo/the-broken-column-1944
Death in the sickroom,https://www.wikiart.org/zh/ai-de-hua-meng-ke/death-in-the-sickroom-1893
Primavera Umbria,https://www.wikiart.org/zh/gerardo-dottori/primavera-umbria-1923
Madonna of the Slums,https://www.wikiart.org/zh/vicente-manansala/madonna-of-the-slums-1950
Untitled (Dance),https://www.wikiart.org/zh/kai-si-ha-lin/untitled-dance-1987
Oberon  Titania and Puck with Fairies Dancing,https://www.wikiart.org/zh/wei-lian-bu-lai-ke/oberon-titania-and-puck-with-fairies-dancing
Hofbräuhaus  Munich,https://www.wikiart.org/zh/a-dao-fu-xi-te-le/hofbrauhaus-munich
亙古常在者,https://www.wikiart.org/zh/wei-lian-bu-lai-ke/gen-gu-chang-zai-zhe-1794
Dynamism of a Cyclist,https://www.wikiart.org/zh/weng-bei-tuo-bo-qiu-ni/dynamism-of-a-cyclist-1913
貓與鳥,https://www.wikiart.org/zh/bao-luo-ke-li/mao-yu-niao-1928
Skull,https://www.wikiart.org/zh/shang-mi-xie-ba-si-qi-ya/head
The Runaway,https://www.wikiart.org/zh/nuo-man-luo-ke-wei-er/the-runaway-1958
三博士來朝,https://www.wikiart.org/zh/wei-la-si-kai-zi/san-bo-shi-lai-zhao-1619
船上的午宴,https://www.wikiart.org/zh/pi-ye-ao-gu-si-te-lei-nuo-wa/chuan-shang-de-wu-yan-1881
Just what is it that makes today's homes so different  so appealing?,https://www.wikiart.org/zh/li-cha-de-ha-mi-er-dun/http-en-wikipedia-org-wiki-file-hamilton-appealing2-jpg-1956
Tree of Hope  Remain Strong,https://www.wikiart.org/zh/fu-lie-da-qia-luo/tree-of-hope-remain-strong-1946
Mont Sainte-Victoire,https://www.wikiart.org/zh/bao-luo-sai-shang/mont-sainte-victoire-3
Suprematist Composition: White on White,https://www.wikiart.org/zh/qia-ji-mi-er-xie-wei-li-nuo-wei-qi-ma-lie-wei-qi/white-square-1917
印象·日出,https://www.wikiart.org/zh/ke-lao-de-mo-nai/yin-xiang-ri-chu-1873
Birch Forest,https://www.wikiart.org/zh/gu-si-ta-fu-ke-lin-mu/farmhouse-with-birch-trees-1903
神奈川沖浪裏,https://www.wikiart.org/zh/ge-shi-bei-zhai/shen-nai-chuan-chong-lang-li-1831
Hotel Bedroom,https://www.wikiart.org/zh/lu-xi-an-fu-luo-yi-de/hotel-bedroom
百老匯爵士樂,https://www.wikiart.org/zh/pi-te-meng-de-li-an/bai-lao-hui-jue-shi-le-1943
In bed,https://www.wikiart.org/zh/heng-li-de-tu-lu-si-luo-te-lie-ke/in-bed-1893
At the Moulin Rouge  The Dance,https://www.wikiart.org/zh/heng-li-de-tu-lu-si-luo-te-lie-ke/at-the-moulin-rouge-the-dance-1890
鳶尾花,https://www.wikiart.org/zh/wen-sen-te-fan-gao/yuan-wei-hua-1889
Morning Sun,https://www.wikiart.org/zh/ai-de-hua-huo-pu/morning-sun
The Beethoven Frieze: The Longing for Happiness Finds Repose in Poetry. Right wall,https://www.wikiart.org/zh/gu-si-ta-fu-ke-lin-mu/the-beethoven-frieze-the-longing-for-happiness-finds-repose-in-poetry-right-wall-1902-1
猶太新娘,https://www.wikiart.org/zh/lun-bo-lang/you-tai-xin-niang-1666
畫家的工作室,https://www.wikiart.org/zh/ju-si-ta-fu-ku-er-bei/hua-jia-de-gong-zuo-shi-1855
晚禱,https://www.wikiart.org/zh/rang-fu-lang-suo-wa-mi-le/wan-dao-1859
David and Goliath,https://www.wikiart.org/zh/qia-la-wa-qiao/david-and-goliath
宮女,https://www.wikiart.org/zh/wei-la-si-kai-zi/gong-nu-1656
吹笛子的少年,https://www.wikiart.org/zh/ai-de-hua-ma-nai/chui-di-zi-de-shao-nian-1866
草地上的午餐,https://www.wikiart.org/zh/ai-de-hua-ma-nai/cao-di-shang-de-wu-can-1863
Butterfly,https://www.wikiart.org/zh/cao-jian-mi-sheng/butterfly-1988
A Mermaid,https://www.wikiart.org/zh/yue-han-wei-lian-mu-wo-te-hao-si/a-mermaid-1900
Houses at Estaque,https://www.wikiart.org/zh/qiao-zhi-bu-la-ke/houses-at-estaque-1908
Water Lilies,https://www.wikiart.org/zh/ke-lao-de-mo-nai/water-lilies-1919-9
The Great War,https://www.wikiart.org/zh/lei-nei-ma-ge-li-te/the-great-war-1964-1
My Portrait (Self-Portrait in the Green Bugatti),https://www.wikiart.org/zh/ta-ma-la-de-lan-bi-jia/portrait-in-the-green-bugatti-1925
Simultaneous Visions,https://www.wikiart.org/zh/weng-bei-tuo-bo-qiu-ni/simultaneous-visions-1912
維納斯的誕生,https://www.wikiart.org/zh/ya-li-shan-da-qia-ba-nei-er/wei-na-si-de-dan-sheng-1863
The Cradle,https://www.wikiart.org/zh/bei-er-te-mo-li-suo/the-cradle-1872
Riding with Death,https://www.wikiart.org/zh/shang-mi-xie-ba-si-qi-ya/riding-with-death
The Women of Amphissa,https://www.wikiart.org/zh/lao-lun-si-a-er-ma-ta-de-ma/the-women-of-amphissa-1887
Blue Dancers,https://www.wikiart.org/zh/ai-de-jia-de-jia/blue-dancers
Madonna Litta (Madonna and the Child),https://www.wikiart.org/zh/lie-ao-na-duo-da-fen-qi/madonna-litta-madonna-and-the-child
Flower thrower,https://www.wikiart.org/zh/ban-ke-si/flower-thrower
Portrait of Pablo Picasso,https://www.wikiart.org/zh/hu-an-ge-li-si/portrait-of-pablo-picasso-1912
Summer Evening,https://www.wikiart.org/zh/ai-de-hua-huo-pu/summer-evening
救世主,https://www.wikiart.org/zh/lie-ao-na-duo-da-fen-qi/jiu-shi-zhu-1500
雪中獵人,https://www.wikiart.org/zh/lao-bi-de-bo-lu-gai-er/xue-zhong-lie-ren-1565
The Three Ages of Woman,https://www.wikiart.org/zh/gu-si-ta-fu-ke-lin-mu/the-three-ages-of-woman-1905
Black Magic,https://www.wikiart.org/zh/lei-nei-ma-ge-li-te/black-magic-1945
LIGHT/DARK,https://www.wikiart.org/zh/ma-li-nuo-a-bu-la-mo-wei-qi/light-dark
The Apotheosis of Homer,https://www.wikiart.org/zh/rang-ao-gu-si-te-duo-mi-ni-ke-an-ge-er/the-apotheosis-of-homer-1827
Landscape with the Fall of Icarus,https://www.wikiart.org/zh/lao-bi-de-bo-lu-gai-er/landscape-with-the-fall-of-icarus-1560
Portrait of My Dead Brother,https://www.wikiart.org/zh/sa-er-wa-duo-da-li/portrait-of-my-dead-brother-1963
Rayograph (The Kiss),https://www.wikiart.org/zh/man-lei/rayograph-the-kiss-1922
Violin and Pipe  'Le Quotidien',https://www.wikiart.org/zh/qiao-zhi-bu-la-ke/violin-and-pipe-le-quotidien-1913
The Librarian,https://www.wikiart.org/zh/zhu-sai-pei-a-er-qin-bo-tuo/the-librarian
Fallen Angel,https://www.wikiart.org/zh/roberto-ferri/fallen-angel-2011
Rhythm 4,https://www.wikiart.org/zh/ma-li-nuo-a-bu-la-mo-wei-qi/rhythm-4
A Friend in Need,https://www.wikiart.org/zh/cassius-marcellus-coolidge/a-friend-in-need-1903
夢境,https://www.wikiart.org/zh/heng-li-lu-suo/meng-jing-1910
Observatory Time: The Lovers,https://www.wikiart.org/zh/man-lei/bservatory-time-the-lovers-1936
Composition with Red  Blue and Yellow,https://www.wikiart.org/zh/pi-te-meng-de-li-an/composition-with-red-blue-and-yellow-1930
Zebra,https://www.wikiart.org/zh/wei-ke-duo-wa-sha-lei/zebra-1937
Harmony,https://www.wikiart.org/zh/remedios-varo/harmony-1956
The Eiffel Tower,https://www.wikiart.org/zh/qiao-zhi-xiu-la/the-eiffel-tower-1889
The Knight  Death and the Devil,https://www.wikiart.org/zh/a-er-bu-lei-xi-te-diu-le/the-knight-death-and-the-devil-1513
The Dog,https://www.wikiart.org/zh/fu-lang-xi-si-ke-ge-ya/the-dog
Goldfish,https://www.wikiart.org/zh/gu-si-ta-fu-ke-lin-mu/goldfish-1902
Necronom IV,https://www.wikiart.org/zh/h-r-ji-ge-er/necronom-iv-1976
The Balcony,https://www.wikiart.org/zh/ai-de-hua-ma-nai/the-balcony-1869
Eye,https://www.wikiart.org/zh/mo-li-zi-ke-ni-li-si-ai-xue/eye
The Burning of the Houses of Parliament,https://www.wikiart.org/zh/yue-se-fu-ma-luo-de-wei-lian-te-na/the-burning-of-the-houses-of-parliament-1
瑪麗蓮雙聯畫,https://www.wikiart.org/zh/an-di-wo-he/ma-li-lian-shuang-lian-hua-1962
Orange and Yellow,https://www.wikiart.org/zh/ma-ke-luo-si-ke/orange-and-yellow
Boats at Collioure,https://www.wikiart.org/zh/an-de-lie-de-lan/boats-at-collioure-1905
Antibes in the Morning,https://www.wikiart.org/zh/ke-lao-de-mo-nai/antibes-in-the-morning
The lovers,https://www.wikiart.org/zh/lei-nei-ma-ge-li-te/the-lovers-1928
The Ballet Class,https://www.wikiart.org/zh/ai-de-jia-de-jia/the-dancing-class-1874
荷拉斯兄弟之誓,https://www.wikiart.org/zh/ya-ke-lu-yi-da-wei/he-la-si-xiong-di-zhi-shi-1784
Flamenco dancer,https://www.wikiart.org/zh/sonia-delaunay/flamenco-dancer
The picador,https://www.wikiart.org/zh/ba-bo-luo-bi-qia-suo/the-picador-1890
Irony of the Negro Policeman,https://www.wikiart.org/zh/shang-mi-xie-ba-si-qi-ya/ironew-york-of-the-negro-policeman
Shipwreck,https://www.wikiart.org/zh/yi-fan-kang-si-tan-ding-nuo-wei-qi-ai-wa-zuo-fu-si-ji/shipwreck-1854
Houses of Parliament,https://www.wikiart.org/zh/ke-lao-de-mo-nai/houses-of-parliament
Golconda,https://www.wikiart.org/zh/lei-nei-ma-ge-li-te/gonconda-1953
The Consecration of the Emperor Napoleon and the Coronation of the Empress Josephine by Pope Pius VII  2nd December 1804,https://www.wikiart.org/zh/ya-ke-lu-yi-da-wei/the-consecration-of-the-emperor-napoleon-and-the-coronation-of-the-empress-josephine-by-pope-1807
Water Lilies  Evening Effect,https://www.wikiart.org/zh/ke-lao-de-mo-nai/water-lilies-evening-effect-1899
The Disquieting Muses,https://www.wikiart.org/zh/qiao-zhi-de-ji-li-ke/the-disquieting-muses-1918-1
The Egg,https://www.wikiart.org/zh/tarsila-do-amaral/the-egg-1928
Decalcomania,https://www.wikiart.org/zh/lei-nei-ma-ge-li-te/decalcomania-1966
Ingres' Violin,https://www.wikiart.org/zh/man-lei/ingre-s-violin-1924
The problem we all live with,https://www.wikiart.org/zh/nuo-man-luo-ke-wei-er/the-problem-we-all-live-with-1935
Spring,https://www.wikiart.org/zh/a-er-feng-si-mu-xia/spring-1896
Poster for Victorien Sardou`s Gismonda starring Sarah Bernhardt at the Théâtre de la Renaissance in Paris,https://www.wikiart.org/zh/a-er-feng-si-mu-xia/poster-for-victorien-sardou-s-gismonda-starring-sarah-bernhardt-at-the-th%C3%A9%C3%A2tre-de-la-1894
尼德兰箴言,https://www.wikiart.org/zh/lao-bi-de-bo-lu-gai-er/ni-de-lan-zhen-yan-1559
Early Sunday Morning,https://www.wikiart.org/zh/ai-de-hua-huo-pu/early-sunday-morning
The Corn Poppy,https://www.wikiart.org/zh/ji-si-fan-deng-ken/the-corn-poppy-1919
Icarus,https://www.wikiart.org/zh/heng-li-ma-di-si/icarus-1944
死神的胜利,https://www.wikiart.org/zh/lao-bi-de-bo-lu-gai-er/si-shen-de-sheng-li-1563
Composition A,https://www.wikiart.org/zh/pi-te-meng-de-li-an/composition-a-1923
Ascending & Descending,https://www.wikiart.org/zh/mo-li-zi-ke-ni-li-si-ai-xue/ascending-descending
Fallen Angel,https://www.wikiart.org/zh/ya-li-shan-da-qia-ba-nei-er/fallen-angel
Avond (Evening): The Red Tree,https://www.wikiart.org/zh/pi-te-meng-de-li-an/avond-evening-the-red-tree-1910
Moscow I,https://www.wikiart.org/zh/wa-xi-li-kang-ding-si-ji/moscow-i-1916
生病的巴克斯,https://www.wikiart.org/zh/qia-la-wa-qiao/sheng-bing-de-ba-ke-si-1593
Girl at a Sewing Machine,https://www.wikiart.org/zh/ai-de-hua-huo-pu/girl-at-a-sewing-machine
Young Virgin Auto-Sodomized by the Horns of Her Own Chastity,https://www.wikiart.org/zh/sa-er-wa-duo-da-li/young-virgin-auto-sodomized-by-the-horns-of-her-own-chastity
Harriet Tubman Series (Panel #4),https://www.wikiart.org/zh/jacob-lawrence/harriet-tubman-series-panel-4-1940
蒙娜麗莎的微笑,https://www.wikiart.org/zh/lie-ao-na-duo-da-fen-qi/meng-nuo-li-sha-1504
Composition No.10,https://www.wikiart.org/zh/pi-te-meng-de-li-an/composition-no-10-1942
Flower Carrier,https://www.wikiart.org/zh/die-ge-li-wei-la/flower-carrier-1935
Table for Ladies,https://www.wikiart.org/zh/ai-de-hua-huo-pu/tables-for-ladies-1930
The Snail,https://www.wikiart.org/zh/heng-li-ma-di-si/the-snail-1953
I and the Village,https://www.wikiart.org/zh/ma-ke-xia-qia-er/i-and-the-village-1911
Blue rider,https://www.wikiart.org/zh/wa-xi-li-kang-ding-si-ji/blue-rider-1903
Café Terrace at Night (Place du Forum  Arles),https://www.wikiart.org/zh/wen-sen-te-fan-gao/cafe-terrace-place-du-forum-arles-1888
馬蒂斯夫人肖像,https://www.wikiart.org/zh/heng-li-ma-di-si/ma-di-si-fu-ren-xiao-xiang-1905
瑪麗蓮夢露,https://www.wikiart.org/zh/an-di-wo-he/ma-li-lian-meng-lu-1968
The Fall of the Damned,https://www.wikiart.org/zh/bi-de-bao-luo-lu-ben-si/the-fall-of-the-damned-1620
The Two Fridas,https://www.wikiart.org/zh/fu-lie-da-qia-luo/the-two-fridas-1939
Death to the Invader,https://www.wikiart.org/zh/david-alfaro-siqueiros/death-to-the-invader-1942-1
Apple Butter Making,https://www.wikiart.org/zh/mo-xi-nai-nai/apple-butter-making-1947
Ophelia,https://www.wikiart.org/zh/yue-han-ai-fo-lei-te-mi-lai/ophelia
The Great Masturbator,https://www.wikiart.org/zh/sa-er-wa-duo-da-li/the-great-masturbator-1929
Dance at Bougival,https://www.wikiart.org/zh/pi-ye-ao-gu-si-te-lei-nuo-wa/dance-at-bougival-1883
Mural,https://www.wikiart.org/zh/jie-ke-xun-bo-luo-ke/mural-1943-1
The Orphan,https://www.wikiart.org/zh/august-friedrich-schenck/lorphelin-souvenir-dauvergne-1885
AAA-AAA,https://www.wikiart.org/zh/ma-li-nuo-a-bu-la-mo-wei-qi/aaa-aaa
Decadent young woman. After the dance,https://www.wikiart.org/zh/ramon-casas/68bc12880c76d4e30657d96ffecbbeba-1899
人間樂園,https://www.wikiart.org/zh/ye-luo-ni-mi-si-bo-si/ren-jian-le-yuan-1515
乌尔比诺的维纳斯,https://www.wikiart.org/zh/ti-qi-an-nuo-wei-jia-lue/wu-er-bi-nuo-de-wei-na-si-1538
Portrait of Antonietta Gonzalez,https://www.wikiart.org/zh/la-wei-ni-ya-feng-ta-na/portrait-of-antonietta-gonzalez-1595
Collective Invention,https://www.wikiart.org/zh/lei-nei-ma-ge-li-te/collective-invention-1934
吻,https://www.wikiart.org/zh/francesco-hayez/the-kiss-1859
Family of birds,https://www.wikiart.org/zh/octavio-ocampo/family-of-birds
Composition IV,https://www.wikiart.org/zh/wa-xi-li-kang-ding-si-ji/composition-iv-1911
Several Circles,https://www.wikiart.org/zh/wa-xi-li-kang-ding-si-ji/several-circles-1926
The Stone Breakers,https://www.wikiart.org/zh/ju-si-ta-fu-ku-er-bei/the-stone-breakers-1849
七件善事,https://www.wikiart.org/zh/qia-la-wa-qiao/qi-jian-shan-shi-1607
Danae,https://www.wikiart.org/zh/lun-bo-lang/danae-1643
Ang Magbabayo (Pounding Rice),https://www.wikiart.org/zh/vicente-manansala/ang-magbabayo-pounding-rice-1979
拾穗,https://www.wikiart.org/zh/rang-fu-lang-suo-wa-mi-le/shi-sui-1857
Madame de Pompadour,https://www.wikiart.org/zh/fu-lang-suo-wa-bu-xie/madame-de-pompadour-1756-1
Profit I,https://www.wikiart.org/zh/shang-mi-xie-ba-si-qi-ya/profit-i
Senecio,https://www.wikiart.org/zh/bao-luo-ke-li/senecio-1922
Women in the garden,https://www.wikiart.org/zh/ke-lao-de-mo-nai/women-in-the-garden
吃馬鈴薯的人,https://www.wikiart.org/zh/wen-sen-te-fan-gao/chi-ma-ling-shu-de-ren-1885
Rhythm,https://www.wikiart.org/zh/luo-bo-te-de-lao-nei/rhythm-1
The Torment of Saint Anthony,https://www.wikiart.org/zh/mi-kai-lang-ji-luo/the-torment-of-saint-anthony
“Untitled” (Portrait of Ross in L.A.),https://www.wikiart.org/zh/felix-gonzalez-torres/untitled-portrait-of-ross-in-l-a-1991
The Seven Deadly Sins and the Four Last Things (tabletop),https://www.wikiart.org/zh/ye-luo-ni-mi-si-bo-si/the-seven-deadly-sins-and-the-four-last-things-1485
On White II,https://www.wikiart.org/zh/wa-xi-li-kang-ding-si-ji/on-white-ii-1923
Prager Street,https://www.wikiart.org/zh/ao-tuo-di-ke-si/pragerstrasse-1920
Bird on Money,https://www.wikiart.org/zh/shang-mi-xie-ba-si-qi-ya/bird-on-money
Ubu Imperator,https://www.wikiart.org/zh/ma-ke-si-en-si-te/ubu-imperator-1923
Portrait of Simonetta Vespucci (Portrait of a Young Woman),https://www.wikiart.org/zh/sang-de-luo-bo-ti-qie-li/portrait-of-simonetta-vespucci
哀悼死去的基督,https://www.wikiart.org/zh/an-de-lie-ya-man-te-ni-ya/ai-dao-si-qu-de-ji-du-1478
Hitler Masturbating,https://www.wikiart.org/zh/sa-er-wa-duo-da-li/hitler-masturbating
The Four Horsemen of the Apocalypse  Death  Famine  Pestilence and War,https://www.wikiart.org/zh/a-er-bu-lei-xi-te-diu-le/the-four-horsemen-of-the-apocalypse-death-famine-pestilence-and-war-1498
卡洛斯四世一家,https://www.wikiart.org/zh/fu-lang-xi-si-ke-ge-ya/qia-luo-si-si-shi-jia-1800
The Virgin Spanking the Christ Child before Three Witnesses: Andre Breton  Paul Eluard  and the Painter,https://www.wikiart.org/zh/ma-ke-si-en-si-te/the-virgin-spanking-the-christ-child-before-three-witnesses-andre-breton-paul-eluard-and-the-1926
Pieta,https://www.wikiart.org/zh/mi-kai-lang-ji-luo/pieta-1499
台夫特風景,https://www.wikiart.org/zh/yang-fu-mei-er/tai-fu-te-feng-jing-1661
泉,https://www.wikiart.org/zh/rang-ao-gu-si-te-duo-mi-ni-ke-an-ge-er/quan-1856
Figures at the Seaside,https://www.wikiart.org/zh/ba-bo-luo-bi-qia-suo/figures-at-the-seaside-1931
Dancers at the Bar,https://www.wikiart.org/zh/fernando-botero/dancers-at-the-bar
雾海上的旅人,https://www.wikiart.org/zh/qia-si-pa-da-wei-fu-lei-de-li-xi/wu-hai-shang-de-lu-ren-1818
Judith and the Head of Holofernes,https://www.wikiart.org/zh/gu-si-ta-fu-ke-lin-mu/judith-and-holopherne-1901
記憶的堅持,https://www.wikiart.org/zh/sa-er-wa-duo-da-li/ji-yi-de-jian-chi-1931
I Like America and America Likes Me,https://www.wikiart.org/zh/yue-se-fu-bo-yi-si/i-like-america-and-america-likes-me
The Barque of Dante (Dante and Virgil in the Underworld),https://www.wikiart.org/zh/ou-ren-de-la-ke-luo-wa/the-barque-of-dante-dante-and-virgil-in-the-underworld-1822-1
The Art of Painting,https://www.wikiart.org/zh/yang-fu-mei-er/the-art-of-painting
格爾尼卡,https://www.wikiart.org/zh/ba-bo-luo-bi-qia-suo/ge-er-ni-qia-1937
A Friends' Reunion,https://www.wikiart.org/zh/ma-ke-si-en-si-te/a-friends-reunion-1922
Henry Ford Hospital (The Flying Bed),https://www.wikiart.org/zh/fu-lie-da-qia-luo/henry-ford-hospital-the-flying-bed-1932
Susanna and the Elders,https://www.wikiart.org/zh/a-er-tai-mi-xi-ya-zhen-di-lai-si-ji/susanna-and-the-elders-1610
The History of Mexico: From Conquest to the Future,https://www.wikiart.org/zh/die-ge-li-wei-la/the-history-of-mexico-1935
Composition with Large Red Plane  Yellow  Black  Gray and Blue,https://www.wikiart.org/zh/pi-te-meng-de-li-an/composition-with-large-red-plane-yellow-black-gray-and-blue-1921
Not to be Reproduced,https://www.wikiart.org/zh/lei-nei-ma-ge-li-te/not-to-be-reproduced-1937
基督受洗,https://www.wikiart.org/zh/lie-ao-na-duo-da-fen-qi/ji-du-shou-xi-1475
Viva la Vida  Watermelons,https://www.wikiart.org/zh/fu-lie-da-qia-luo/viva-la-vida-watermelons
Fishing,https://www.wikiart.org/zh/shang-mi-xie-ba-si-qi-ya/fishing
Bicycle Wheel,https://www.wikiart.org/zh/ma-sai-er-du-xiang/bicycle-wheel-1913
Office at Night,https://www.wikiart.org/zh/ai-de-hua-huo-pu/office-at-night
奢华、宁静和享受,https://www.wikiart.org/zh/heng-li-ma-di-si/she-hua-zhu-jing-he-xiang-shou-1904
Mona Cat,https://www.wikiart.org/zh/romero-britto/mona-cat
Crying Girl,https://www.wikiart.org/zh/luo-yi-li-xi-teng-si-tan/crying-girl-1964
Number 5,https://www.wikiart.org/zh/jie-ke-xun-bo-luo-ke/number-5-1948-1
被劫持的普洛塞庇娜,https://www.wikiart.org/zh/ji-an-luo-lun-zuo-bei-ni-ni/bei-jie-chi-de-pu-luo-sai-bi-nuo-1622
